name,city,country
Sandra,Iława,Poland
Zita,Nor Gyugh,Armenia
Florence,Vorontsovka,Russia
Hilliard,As Salţ,Jordan
Aube,Hexi,China
Skipton,Karlskoga,Sweden
Theresina,Xinrong,China
Kassia,Orlovka,Russia
Sol,Zwolle,Netherlands
Shalom,Taltal,Philippines
Benedetta,Burirao,Philippines
Matthiew,Lindavista,Mexico
Jacintha,Erdaocha,China
Angeline,Krasnoarmeysk,Russia
Scarlett,Pengulu,Indonesia
Pavla,Miami Beach,United States
Atlanta,Mukacheve,Ukraine
Ilaire,Guangning,China
Frederik,Honolulu,United States
Fidela,Río Hondo,Guatemala
Daveen,Pondokkaha Kelod,Indonesia
Clementia,Guararé,Panama
Maison,Krasnorechenskiy,Russia
Branden,Ino,Japan
Hanna,Lokossa,Benin
Cynthy,Boju,Nigeria
Georg,Xiazhai,China
Rafe,Wuyahe,China
Kimbell,Yucheng,China
Adams,Jomsom,Nepal
Darby,Santa Lucía Cotzumalguapa,Guatemala
Celina,Huangliang,China
Cosmo,Nīkshahr,Iran
Niles,El Paso,United States
Trent,Chóra,Greece
Bettine,Agenebode,Nigeria
Adiana,Xom Tan Long,Vietnam
Junia,Zlynka,Ukraine
Gonzales,Krzczonów,Poland
Sidonia,Gizo,Solomon Islands
Lynette,Urjala,Finland
Beatrice,Kizema,Russia
Armstrong,Xidoupu,China
Bibi,Wadusari,Indonesia
Dallas,Madona,Latvia
Vanya,Liaoyang,China
Pippo,Log pri Brezovici,Slovenia
Johnette,Hongzhou,China
Kristien,Baoshan,China
Sarene,Mirecourt,France
Colene,Mafraq,Jordan
Giffer,Franceville,Gabon
Renard,'s-Hertogenbosch,Netherlands
Bowie,Zhuoshui,China
Tiphani,Przemków,Poland
Bartlet,Stochov,Czech Republic
Moore,Mirosławiec,Poland
Malachi,Hamilton,United States
Corrine,Madan,Indonesia
Brenna,Kertosari,Indonesia
Knox,Talshand,Mongolia
Ban,Nakhabino,Russia
Marthe,Varser,Armenia
Hillary,Myrzakent,Kazakhstan
Binky,Tambaksumur,Indonesia
Andrei,Murça,Portugal
Angelina,São Roque,Brazil
Bennie,Igreja,Portugal
Kylila,Krajan Timur Suger Kidul,Indonesia
Jackelyn,Kinalaglagan,Philippines
Rebekkah,Aigínio,Greece
Jeremias,Xincheng,China
Ofilia,Łobez,Poland
Dorotea,Libu,China
Hammad,Al Finţās,Kuwait
Kienan,Hekou,China
Rosella,San Fernando del Valle de Catamarca,Argentina
Alys,Zelmeņi,Latvia
Gamaliel,Paris 13,France
Rena,Niederwaldkirchen,Austria
Franklin,Sumberpinang Satu,Indonesia
Nevile,Bailieborough,Ireland
Margaret,Saint-Denis,France
Fabe,Tall Rif‘at,Syria
Hardy,Brwinów,Poland
Edwina,Kuroiso,Japan
Herc,Zhujiaqiao,China
Angele,Adstock,Canada
Herbie,Basiao,Philippines
Brear,Tlogowetan,Indonesia
Dorice,San Jerónimo,Guatemala
Winna,Coxim,Brazil
Base,Sheregesh,Russia
Adrienne,Iguig,Philippines
Malissia,Pshekhskaya,Russia
Pierette,Pontevedra,Spain
Dennie,Bordeaux,France
Darcey,Houston,United States
Standford,Qikeshu,China
Jo,Dedenëvo,Russia
